name;precision;recall
Keras;0.718485123874;0.844989940762
QDA;0.715869431328;0.158331703364
DecisionTree;0.706075711397;0.865799988823
PassiveAggressive;0.662667961045;0.300411450766
LDA;0.635863988173;0.383078825305
Ridge;0.63575018696;0.383036911814
LogisticRegression;0.627950918313;0.390025986364
Naive Bayes Gaussian;0.625623840297;0.273216580977
NearestCentroid;0.614732691256;0.415998379345
Perceptron;0.590056408238;0.628422935062
Baseline;0.500710451264;0.500754603079
